<?xml version="1.0" encoding="UTF-8"?>
<project-private xmlns="http://www.netbeans.org/ns/project-private/1">
    <editor-bookmarks xmlns="http://www.netbeans.org/ns/editor-bookmarks/2" lastBookmarkId="0"/>
    <open-files xmlns="http://www.netbeans.org/ns/projectui-open-files/2">
        <group>
            <file>file:/C:/Users/TechCare/Desktop/Java/lec8/src/lec8/process.java</file>
            <file>file:/C:/Users/TechCare/Desktop/Java/lec8/src/lec8/overloading.java</file>
            <file>file:/C:/Users/TechCare/Desktop/Java/lec8/src/lec8/Student.java</file>
            <file>file:/C:/Users/TechCare/Desktop/Java/lec8/src/lec8/invoke.java</file>
            <file>file:/C:/Users/TechCare/Desktop/Java/lec8/src/lec8/simple.java</file>
            <file>file:/C:/Users/TechCare/Desktop/Java/lec8/src/lec8/processor.java</file>
        </group>
    </open-files>
</project-private>
